{
	"type": "GenericSmelter",
	"name": "铁锈钢板厂",
	"description": "生产铁锈钢板",
	"outputItem": { "item": "铁锈钢板", "amount": 5},
	"size": 2,
	"hasPower": true,
	"hasLiquids": true,
	"hasItems": true,
	"craftTime": 700,
	"itemCapacity": 30,
	"consumes": {
    "power":0.6,
    "liquid":{
	"liquid":"water",
	"amount":0.5,
	"booster":false	},
    "items": {
	 "items": [
	  { "item": "生锈的铁板""amount": 10}
	  { "item": "copper""amount": 15}
	]
  }
 },
"requirements": [
	{ "item": "copper", "amount": 100 },
	{ "item": "生锈的铁板", "amount": 40 }
	],
	"category": "crafting",
	"research": "alloy-smelter",
	"idleSound": "respawning",
	"idleSoundVolume": 0.5
}