{
"name":"大型抽水机" ,
"description":"抽水效率更高",
"type": "SolidPump",
"health": 550,
"size": 3,
"floating":true,
"hasPower": true,
"hasLiquids": true,
"liquidCapacity": 60,
	"requirements": [
	    {"item": "copper", "amount": 55},
	    {"item": "lead", "amount": 45},
		{"item": "graphite", "amount": 20},
		{"item": "titanium", "amount": 20}
],
"consumes": { "power": 2.1},
"pumpAmount": 0.15,
"rotateSpeed": 5,
"result":"water",
"baseEfficiency": 3,
"attribute": "water",
"category": "production",
"research": "water-extractor"
}