{
	"type": "ItemTurret",
	"name": "激炮",
	"description": "塞硅可以帮助其他单位回复血量",
	"health": 5500,
	"size": 1,
	"reloadTime": 20,
	"range": 180,
	"shots":1,
	"burstSpacing":3,
	"maxAmmo":100,
	"shootSound":"laser",
	"xRand":2,
	"ammoUseEffect": "casing2Double",
	"inaccuracy": 1,
	"rotateSpeed": 12,
	"shootShake":1,
	"ammoTypes": {
        "copper": {
			"speed": 0,
			"damage": 11,
			"lifetime":10,
			"width": 10,
			"height": 8,
            "type": "LaserBulletType",
            "lightningSpacing":80,
            "lightningLength":15,
            "lightningLengthRand":10,
            "lightningDealy":90,
            "lightningDamage":120,
            "lingtningAngleRand":80
			"ammoMultiplier":20,
			"shootEffect": "shootSmall"	},
	    "graphite":{		  
	        "reloadMultiplier":0.5,
	        "speed": 0,
			"damage": 200,
			"lifetime":60,
			"width": 7,
            "type": "LaserBulletType",
            "lightningSpacing":80,
            "lightningLength":15,
            "lightningLengthRand":10,
            "lightningDealy":90,
            "lightningDamage":120,
            "lingtningAngleRand":80
			"height": 8,
			"ammoMultiplier":4,
			"shootEffect": "shootSmall"	    },
	    "pyratite": {
			"speed": 0,
			"damage": 13,
			"lifetime":10,
			"width": 10,
			"height": 8,
	        "makeFire":true,
            "type": "LaserBulletType",
            "lightningSpacing":80,
            "lightningLength":15,
            "lightningLengthRand":10,
            "lightningDealy":90,
            "lightningDamage":120,
            "lingtningAngleRand":80
			"ammoMultiplier":2,
			"shootEffect":"shootSmall",
			"status":"burning",
	     	"statusDuration":600,	
	     	"backColor":"FFD700",
			"frontColor":"FFD700"
	    },
	    "silicon":{
	        "speed": 0,
			"damage": 140,
		    "reloadMultiplier":1.6,
		    "lifetime":10,
			"width": 10,
			"height": 8,
        	"healPercent":100,	   
            "type": "LaserBulletType",
            "lightningSpacing":80,
            "lightningLength":4,
            "lightningLengthRand":10,
            "lightningDealy":90,
            "lightningDamage":500,
            "lingtningAngleRand":80
			"shootEffect": "shootSmall",
			"homingRange": 40,
            "homingPower": 0.06,
			"ammoMultiplier":5
	    }
	}, 
	"researchCostMultiplier": 0.5,
	"requirements": [
{ "item": "copper", "amount": 45 }
,{ "item": "lead", "amount": 25 }
,{ "item": "铁锈钢板", "amount": 55 }
	],
	"category": "turret",
	"research": "duo"
}
