{
    "name":"铁钻头",
    "type": "Drill",
    "description":"高级钻头",
    "size": 2,
    "health": 700,
    "tier": 5,
    "drillTime": 100,   
    "liquidBoostIntensity":2,
    "canOverdrive": true,
    "warmupSpeed": 0.03,
	"drillEffect": "mineBig",
    "updateEffect": "mineBig",
    "rotateSpeed": 2,
    "drawMineItem": true,
    "consumes": {
        "liquid": {
            "liquid": "water",
            "amount": 0.3,
            "booster": true,
            "optional": true
        }
    },
    "itemCapacity": 25,
    "liquidCapacity": 20,
    "requirements": [	
   { "item": "copper", "amount":10},
   { "item": "lead", "amount":15}
   { "item": "铁", "amount":25}
   ],
    "category": "production",
    "research": "pneumatic-drill"
}
