{
	"type": "GenericSmelter",
	"name": "大型铁锈钢板厂",
	"description": "高效生产铁锈钢板",
	"outputItem": { "item": "铁锈钢板", "amount": 50},
	"size": 4,
	"hasPower": true,
	"hasLiquids": true,
	"hasItems": true,
	"craftTime": 700,
	"itemCapacity": 100,
	"consumes": {
    "power":1,
    "liquid":{
	"liquid":"water",
	"amount":0.1,
	"booster":false	},
    "items": {
	 "items": [
	  { "item": "生锈的铁板""amount": 25}
	  { "item": "copper""amount": 25}
	]
  }
 },
"requirements": [
	{ "item": "copper", "amount": 160 },
	{ "item": "铁锈钢板", "amount": 40 }
	],
	"category": "crafting",
	"research": "alloy-smelter",
	"idleSound": "respawning",
	"idleSoundVolume": 0.5
}