{
	"type": "GenericSmelter",
	"name": "炼钢厂",
	"description": "生产铁",
	"outputItem": { "item": "铁", "amount": 3},
	"size": 2,
	"hasPower": true,
	"hasLiquids": true,
	"hasItems": true,
	"craftTime": 100,
	"itemCapacity": 30,
	"consumes": {
    "power":0.3,
    "liquid":{
	"liquid":"water",
	"amount":0.02,
	"booster":false	},
    "items": {
	 "items": [
	  { "item": "铁矿""amount": 10}
	]
  }
 },
"requirements": [
	{ "item": "铁矿", "amount": 40 }
	],
	"category": "crafting",
	"research": "alloy-smelter",
	"idleSound": "respawning",
	"idleSoundVolume": 0.5
}