{
	"type": "GenericSmelter",
	"name": "重合金合成厂",
	"description": "生产重合金",
	"outputItem": { "item": "重合金", "amount": 1},
	"size": 2,
	"hasPower": true,
	"hasLiquids": true,
	"hasItems": true,
	"craftTime": 100,
	"itemCapacity": 30,
	"consumes": {
    "power":0.12,
    "items": {
	 "items": [
	  { "item": "重合金碎片""amount": 10}
	]
  }
 },
"requirements": [
	{ "item": "重合金碎片", "amount": 40 }
	],
	"category": "crafting",
	"research": "alloy-smelter",
	"idleSound": "respawning",
	"idleSoundVolume": 0.5
}