{
	"type": "flying",
	"name": "意识",
	"mass": 10,
	"description": "中距离追逐最近的敌人发射高频导弹",
	"speed": 2,	
	"drag":0.05,"accel":0.1,
	"rotateSpeed":8,
	"ammoCapacity": 300,
    "ammoResupplyAmount":15,
	"hitSize":20, 
	"buildSpeed": 0.55,
	"flying": true,
	"turnCursor":true,
	"health": 4200,
	"armor":2,
	"engineOffset": 5,
	"engineSize": 3,
	"research": "flare",
	"weapons":[ {"name":"炮f",
	"x":-2.5,"y":4,
	"reload":80,
	"rotate": false,
	"rotateSpeed":16,
	"shootEffect":"shootSmall",
	"shootSound":"laser",
	"bullet":{
            "type": "LaserBulletType",
            "lightningSpacing":40,
            "lightningLength":4,
            "lightningLengthRand":10,
            "lightningDealy":90,
            "lightningDamage":120,
            "lingtningAngleRand":80
	"damage": 320,
	"frontColor":"FFFFFF",
	"backColor":"FFFFFF",
	"width": 50,
	"height": 100,
	"speed": 0,
	"lifetime":10
	} 	},
	{"name":"炮x",
	 "x":4,"y":-2,
	 "reload":5,
	"bullet":{
	"shots":3,
	"xRand":2,
	"type":"MissileBulletType",
	"damage": 40,
	"splashDamageRadius":18,
	"splashDamage":100,	
	"homingRange": 50,
	"homingPower": 0.06,
    "hitEffect":"explosion",
	"shootSound":"missile",
    "despawnEffect":"explosion",
			"homingRange": 101,
            "homingPower": 0.1,
			"ammoMultiplier":100,
	"width": 6,
	"height": 8,
	"speed": 6,
	"lifetime": 40} 	
	}
	    ]
}
