{
	"name": "大型合金墙",
	"description": "硬",
	"type": "Wall",
	"health": 5000,
	"size": 2,
	"lightningChance":1,
	"lightningDamage":50,
	"lightningLength":25,
    "absorbLasers":"true",
	"reload": 1,
	"healPercent": 10,
    "hasPower":"true",
    "consumesPower":"false",
    "outputsPower":"true",
	"requirements": [
	{ "item": "铁锈钢板", "amount": 35},
	{"item": "lead", "amount": 22 }
	{"item": "生锈的铁板", "amount": 50 }
	],
	"category": "defense",
	"research": "copper-wall"
}
