{
	"type": "flying",
	"name": "刀锋",
	"mass": 60,
	"description": "短距离追逐最近的敌人发射连续激光",
	"speed": 2,	
	"drag":0.05,"accel":0.1,
	"rotateSpeed":5,
	"ammoCapacity": 50,
    "ammoResupplyAmount":15,
	"hitSize":30, 
	"buildSpeed": 0.25,
	"flying": true,
	"turnCursor":true,
	"health": 31200,
	"armor":2,
	"engineOffset": 5,
	"engineSize": 10,
	"research": "flare",
	"weapons":[ {"name":"熔毁",
	"x":-15,"y":15,
	"reload":10,
	"rotate": true,
	"rotateSpeed":16,
	"bullet":{
    "type": "ContinuousLaserBulletType",
	"damage": 1500,
	"width": 20,
	"height": 80,
	"speed": 0,
	"lifetime":10
   	"healPercent":2,
	} 	},
	{"name":"熔毁",
    "x":15,"y":-15,
	"reload":6,
	"rotate": true,
	"rotateSpeed":16,
	"bullet":{
	"type":"ContinuousLaserBulletType",
	"damage": 800,	 
	"width": 20,
	"height": 180,
	"speed": 0,
   	"healPercent":1,
	"lifetime": 10} 	
	}
	    ]
}
