{
	"type": "flying",
	"name": "循环",
	"mass": 6,
	"description": "短距离追逐最近的敌人发射激光和火箭弹",
	"speed": 3,	
	"drag":0.05,"accel":0.1,
	"rotateSpeed":10,
	"ammoCapacity": 300,
    "ammoResupplyAmount":15,
	"hitSize":8, 
	"buildSpeed": 0.25,
	"flying": true,
	"turnCursor":true,
	"health": 1200,
	"armor":2,
	"engineOffset": 5,
	"engineSize": 2,
	"research": "flare",
	"weapons":[ {"name":"炮r",
	"x":-2.5,"y":2.5,
	"reload":80,
	"rotate": false,
	"rotateSpeed":16,
	"shootEffect":"shootSmall",
	"shootSound":"laser",
	"bullet":{
            "type": "LaserBulletType",
            "lightningSpacing":30,
            "lightningLength":3,
            "lightningLengthRand":10,
            "lightningDealy":90,
            "lightningDamage":12,
            "lingtningAngleRand":80
	"damage": 50,
	"frontColor":"FFFFFF",
	"backColor":"FFFFFF",
	"width": 20,
	"height": 180,
	"speed": 0,
	"lifetime":10
	} 	},
	{"name":"炮x",
	 "x":3,"y":-1,
	 "reload":20,
	"bullet":{
	"type":"MissileBulletType",
	"shootSound":"1",
	"damage": 20,	 
	"splashDamageRadius":18,
	"splashDamage":13,	
	"homingRange": 16,
	"homingPower": 0.06,
    "hitEffect":"explosion",
    "despawnEffect":"explosion",
	"width": 6,
	"height": 8,
	"speed": 5,
	"lifetime": 25} 	
	}
	    ]
}
