{
	"type": "flying",
	"name": "穿越",
	"mass": 6,
	"description": "短距离追逐最近的敌人发射持续激光束",
	"speed": 3,	
	"drag":0.05,"accel":0.1,
	"rotateSpeed":10,
	"ammoCapacity": 300,
    "ammoResupplyAmount":15,
	"hitSize":10, 
	"buildSpeed": 0.25,
	"flying": true,
	"turnCursor":true,
	"health": 13500,
	"armor":2,
	"engineOffset": 5,
	"engineSize": 2,
	"research": "flare",
	"weapons":[ {"name":"熔毁A",
	"x":15,"y":15,
	"reload":80,
	"rotate": true,
	"rotateSpeed":16,
	"shootEffect":"shootSmall",
	"shootSound":"beam",
	"bullet":{
            "type": "ContinuousLaserBulletType",
            "lightningSpacing":30,
            "lightningLength":10,
            "lightningLengthRand":10,
            "lightningDealy":90,
            "lightningDamage":10,
            "lingtningAngleRand":10
	"damage": 50,
	"frontColor":"BBFFBB",
	"backColor":"BBFFBB",
	"width": 20,
	"height": 180,
	"speed": 0,
	"lifetime":100,
    "healPercent":1
	} 	},
	{"name":"熔毁",
	 "x":-15,"y":-15,
	 "reload":20,
	"bullet":{
	"type":"LaserBulletType",
	"shootSound":"1",
	"damage": 200,	 
	"splashDamageRadius":18,
	"splashDamage":13,	
	"homingRange": 16,
	"homingPower": 0.06,
    "hitEffect":"explosion",
    "despawnEffect":"explosion",
	"width": 6,
	"height": 8,
	"speed": 0,
	"lifetime": 10} 	
	}
	    ]
}
