{
	"type": "ItemTurret",
	"name": "炮",
	"description": "双管炮的改进版",
	"health": 3320,
	"size": 1,
	"reloadTime": 20,
	"range": 120,
	"shots":5,
	"maxAmmo":1000
	"burstSpacing":3,
	"xRand":2,
	"ammoUseEffect": "casing2Double",
	"inaccuracy": 1,
	"rotateSpeed": 12,
	"shootShake":1,
	"ammoTypes": {
        "copper": {
			"speed": 100,
			"damage": 20,
			"lifetime":60,
			"width": 6,
			"height": 10,
			"ammoMultiplier":20,
			"shootEffect": "shootSmall"	},
	    "graphite":{		  
	        "reloadMultiplier":0.5,
	        "speed": 5,
			"damage": 35,
			"lifetime":60,
			"width": 7,
			"height": 10,
			"ammoMultiplier":4,
			"shootEffect": "shootSmall"	    },
	    "pyratite": {
			"speed": 1,
			"damage": 130,
			"lifetime":60,
			"width": 7,
			"height": 8,
	        "makeFire":true,
			"ammoMultiplier":2,
			"shootEffect":"shootSmall",
			"status":"burning",
	     	"statusDuration":600,	
	     	"backColor":"FFD700",
			"frontColor":"FFD700"
			},
		"lead": {
		"speed": 7.5,
		"damage": 5,
        "fragBullets":2,
        "fragBullet":{
        "speed":1,
        "damage":7,   
        "lifetime":50
            },
			"lifetime":45,
			"width": 6,
			"height": 9,
			"ammoMultiplier":6,
			"shootEffect": "shootBig" 
			} ,
	    "铁锈钢板":{
	        "speed": 10,
			"damage": 50,
		    "reloadMultiplier":10,
		    "lifetime":40,
			"width": 10,
			"height": 15,
			"shootEffect": "shootSmall",
			"homingRange": 101,
            "homingPower": 0.1,
			"ammoMultiplier":100
		}
	    "超级":{
	        "speed": 20,
			"damage": 100,
		    "reloadMultiplier":10,
		    "lifetime":10,
			"width": 50,
	        "makeFire":true,
			"height": 50,
			"shootEffect": "shootSmall",
			"homingRange": 1000,
            "homingPower": 0.1,
			"ammoMultiplier":1000
            "fragBullets":10,
            "fragBullet":{
            "speed":3,
            "damage":50,   
            "lifetime":60,
            },
			"lifetime":65,
			"width": 6,
			"height": 9,
			"ammoMultiplier":6,
			"shootEffect": "shootBig" 
	    }
	}, 
	"researchCostMultiplier": 0.5,
	"requirements": [
{ "item": "copper", "amount": 20 }
,{ "item": "铁锈钢板", "amount": 15 }
	],
	"category": "turret",
	"research": "duo"
}
