{
	"type": "ItemTurret",
	"name": "炮2",
	"description": "炮的改进",
	"health": 5500,
	"size": 1,
	"reloadTime": 20,
	"range": 350,
	"shots":2,
	"burstSpacing":3,
	"maxAmmo":1000,
	"xRand":2,
	"ammoUseEffect": "casing2Double",
	"inaccuracy": 1,
	"rotateSpeed": 12,
	"shootShake":1,
	"ammoTypes": {
        "copper": {
			"speed": 15,
			"damage": 11,
			"lifetime":600,
			"width": 7,
			"height": 8,
			"ammoMultiplier":20,
			"shootEffect": "shootSmall"	},
	    "graphite":{		  
	        "reloadMultiplier":0.5,
	        "speed": 150,
			"damage": 200,
			"lifetime":60,
			"width": 7,
			"height": 8,
			"ammoMultiplier":4,
			"shootEffect": "shootSmall"	    },
	    "pyratite": {
			"speed": 150,
			"damage": 13,
			"lifetime":60,
			"width": 7,
			"height": 8,
	    "makeFire":true,
			"ammoMultiplier":2,
			"shootEffect":"shootSmall",
			"status":"burning",
	     	"statusDuration":600,	
	     	"backColor":"FFD700",
			"frontColor":"FFD700"
	    },
	    "silicon":{
	        "speed": 15.3,
			"damage": 140,
		    "reloadMultiplier":1.6,
		    "lifetime":40,
			"width": 7,
			"height": 8,
			"shootEffect": "shootSmall",
			"homingRange": 40,
            "homingPower": 0.06,
			"ammoMultiplier":5
	    }
	}, 
	"researchCostMultiplier": 0.5,
	"requirements": [
{ "item": "copper", "amount": 45 }
,{ "item": "lead", "amount": 25 }
,{ "item": "铁锈钢板", "amount": 55 }
	],
	"category": "turret",
	"research": "duo"
}
