{
	"type": "ItemTurret",
	"name": "追踪炮",
	"description": "炮的改进版",
	"health": 500,
	"size": 1,
	"reloadTime": 10,
	"range": 500,
	"shots":1,
	"maxAmmo":100
	"burstSpacing":3,
	"xRand":2,
	"ammoUseEffect": "casing2Double",
	"inaccuracy": 1,
	"rotateSpeed": 12,
	"shootShake":1,
	"ammoTypes": {
        "copper": {
			"speed": 10,
			"damage": 46,
			"lifetime":100,
			"width": 6,
			"height": 10,	
    		"homingRange": 80,
            "homingPower": 0.06,
			"ammoMultiplier":1,
			"shootEffect": "shootSmall"	},
	    }
	"researchCostMultiplier": 0.5,
	"requirements": [
{ "item": "重合金碎片", "amount": 20 }
,{ "item": "重合金", "amount": 15 }
	],
	"category": "turret",
	"research": "duo"
}
